"","Sensitivity","Specificity","Pos Pred Value","Neg Pred Value","Precision","Recall","F1","Prevalence","Detection Rate","Detection Prevalence","Balanced Accuracy"
"Class: Elephant_African",0.862068965517241,0.858407079646018,0.609756097560976,0.96039603960396,0.609756097560976,0.862068965517241,0.714285714285714,0.204225352112676,0.176056338028169,0.288732394366197,0.86023802258163
"Class: Human",0.807692307692308,0.922413793103448,0.7,0.955357142857143,0.7,0.807692307692308,0.75,0.183098591549296,0.147887323943662,0.211267605633803,0.865053050397878
"Class: Other",0.758620689655172,0.909090909090909,0.929577464788732,0.704225352112676,0.929577464788732,0.758620689655172,0.835443037974684,0.612676056338028,0.464788732394366,0.5,0.833855799373041
